ticket_id,opened_at,product,summary,status
SUP-401,2026-08-30T10:12:00+02:00,TrailBottle,"Lid leaks when bottle is tilted",open
SUP-408,2026-08-30T12:45:00+02:00,TrailBottle,"Water leaks around the lid seal",open
SUP-414,2026-08-30T15:04:00+02:00,TrailBottle,"TrailBottle lid leaking in backpack",open
SUP-423,2026-08-31T08:16:00+02:00,TrailBottle,"Leak from lid after first use",open
SUP-427,2026-08-31T10:37:00+02:00,TrailBottle,"Lid does not seal completely",open
SUP-431,2026-08-31T12:02:00+02:00,TrailBottle,"Water escapes from lid",open
SUP-439,2026-08-31T14:21:00+02:00,TrailBottle,"Bottle lid leak",open
SUP-445,2026-08-31T17:48:00+02:00,TrailBottle,"Leak near lid thread",open
# Synthetic source artifact used by the Golden Case portfolio demo.
